{
	"credit": "Made with Blockbench",
	"textures": {
		"0": "gun_ammo/rocket_launcher",
		"particle": "gun_ammo/rocket_launcher"
	},
	"elements": [
		{
			"from": [12, 6, -7],
			"to": [13, 11, 21],
			"rotation": {"angle": 0, "axis": "y", "origin": [16, 14, 12]},
			"faces": {
				"north": {"uv": [0, 0, 0.5, 2.5], "texture": "#0"},
				"east": {"uv": [0, 0, 14, 2.5], "texture": "#0"},
				"south": {"uv": [0, 0, 0.5, 2.5], "texture": "#0"},
				"west": {"uv": [0, 0, 14, 2.5], "texture": "#0"},
				"up": {"uv": [15.5, 0, 16, 14], "texture": "#0"},
				"down": {"uv": [15.5, 0, 16, 13.5], "texture": "#0"}
			}
		},
		{
			"from": [8, 6, -7],
			"to": [9, 11, 21],
			"rotation": {"angle": 0, "axis": "y", "origin": [16, 14, 12]},
			"faces": {
				"north": {"uv": [0, 0, 0.5, 2.5], "texture": "#0"},
				"east": {"uv": [0, 0, 14, 2.5], "texture": "#0"},
				"south": {"uv": [0, 0, 0.5, 2.5], "texture": "#0"},
				"west": {"uv": [0, 0, 14, 2.5], "texture": "#0"},
				"up": {"uv": [15.5, 0, 16, 14], "texture": "#0"},
				"down": {"uv": [15.5, 0, 16, 14], "texture": "#0"}
			}
		},
		{
			"from": [7.5, 7, -3],
			"to": [8, 10, 5],
			"rotation": {"angle": 0, "axis": "y", "origin": [15, 13, 15]},
			"faces": {
				"north": {"uv": [0, 14.5, 0.5, 16], "texture": "#0"},
				"east": {"uv": [0, 0, 8, 3], "texture": "#0"},
				"south": {"uv": [0, 14.5, 0.5, 16], "texture": "#0"},
				"west": {"uv": [0, 13, 3.5, 14.5], "texture": "#0"},
				"up": {"uv": [0, 15, 0.5, 16], "texture": "#0"},
				"down": {"uv": [0, 14.5, 0.5, 16], "texture": "#0"}
			}
		},
		{
			"from": [9, 6, -7],
			"to": [12, 7, 21],
			"rotation": {"angle": 0, "axis": "y", "origin": [16, 10, 12]},
			"faces": {
				"north": {"uv": [0, 0, 1.5, 0.5], "texture": "#0"},
				"east": {"uv": [0, 0, 16, 1], "texture": "#0"},
				"south": {"uv": [0, 0, 1.5, 0.5], "texture": "#0"},
				"west": {"uv": [0, 0, 16, 1], "texture": "#0"},
				"up": {"uv": [14.5, 0, 16, 14], "texture": "#0"},
				"down": {"uv": [14.5, 0, 16, 14], "texture": "#0"}
			}
		},
		{
			"from": [9, 10, -7],
			"to": [12, 11, 21],
			"rotation": {"angle": 0, "axis": "y", "origin": [16, 14, 12]},
			"faces": {
				"north": {"uv": [0, 0, 1.5, 0.5], "texture": "#0"},
				"east": {"uv": [0, 0, 16, 1], "texture": "#0"},
				"south": {"uv": [0, 0, 1.5, 0.5], "texture": "#0"},
				"west": {"uv": [0, 0, 16, 1], "texture": "#0"},
				"up": {"uv": [14.5, 0, 16, 14], "texture": "#0"},
				"down": {"uv": [14.5, 0, 16, 14], "texture": "#0"}
			}
		},
		{
			"from": [9, 7, 20],
			"to": [12, 10, 21],
			"rotation": {"angle": 0, "axis": "y", "origin": [16, 14, 12]},
			"faces": {
				"north": {"uv": [3.5, 0.5, 5, 2], "texture": "#0"},
				"east": {"uv": [0, 0, 1, 3], "texture": "#0"},
				"south": {"uv": [10.5, 0, 12, 1.5], "texture": "#0"},
				"west": {"uv": [0, 0, 1, 3], "texture": "#0"},
				"up": {"uv": [0, 0, 3, 1], "texture": "#0"},
				"down": {"uv": [0, 0, 3, 1], "texture": "#0"}
			}
		},
		{
			"from": [9.0009, 3.0625, -3.125],
			"to": [12.0009, 4.0625, 0.0625],
			"rotation": {"angle": 0, "axis": "y", "origin": [16, 11.0625, 13.875]},
			"faces": {
				"north": {"uv": [3, 0, 6, 1], "texture": "#0"},
				"east": {"uv": [10.5, 0, 12.188, 0.5], "texture": "#0"},
				"south": {"uv": [0, 0, 3, 1], "texture": "#0"},
				"west": {"uv": [3, 0, 6.188, 1], "texture": "#0"},
				"up": {"uv": [3.5, 0, 5.5, 1.188], "texture": "#0"},
				"down": {"uv": [5, 0.5, 8, 1.188], "texture": "#0"}
			}
		},
		{
			"from": [9, 0.5, -0.5],
			"to": [12, 6.5625, 1.5],
			"rotation": {"angle": -22.5, "axis": "x", "origin": [10.5, 4.5, 0.5]},
			"faces": {
				"north": {"uv": [14.5, 0, 16, 3.063], "texture": "#0"},
				"east": {"uv": [15, 0, 16, 3.063], "texture": "#0"},
				"south": {"uv": [14.5, 0, 16, 2.563], "texture": "#0"},
				"west": {"uv": [15, 0, 16, 3.063], "texture": "#0"},
				"up": {"uv": [0, 0, 3, 2], "texture": "#0"},
				"down": {"uv": [14.5, 0, 16, 1], "texture": "#0"}
			}
		},
		{
			"from": [9, 3, -3.75],
			"to": [12, 6.5625, -2.75],
			"rotation": {"angle": -22.5, "axis": "x", "origin": [10.5, 4.5, -3.75]},
			"faces": {
				"north": {"uv": [14.5, 0, 16, 2.063], "texture": "#0"},
				"east": {"uv": [15.5, 0, 16, 2.563], "texture": "#0"},
				"south": {"uv": [14.5, 0, 16, 2.063], "texture": "#0"},
				"west": {"uv": [15.5, 0, 16, 2.563], "texture": "#0"},
				"up": {"uv": [0, 0, 3, 1], "texture": "#0"},
				"down": {"uv": [0, 0, 3, 1], "texture": "#0"}
			}
		},
		{
			"name": "octagon",
			"from": [5.42157, 6.75, -5.25],
			"to": [7.07843, 7.75, -3.25],
			"rotation": {"angle": 45, "axis": "z", "origin": [6.25, 8.75, 2.75]},
			"faces": {
				"north": {"uv": [0, 0, 1, 0.5], "texture": "#0"},
				"east": {"uv": [0, 0, 1, 1], "texture": "#0"},
				"south": {"uv": [0, 0, 1, 0.5], "texture": "#0"},
				"west": {"uv": [0, 0, 1, 1], "texture": "#0"},
				"up": {"uv": [12.5, 1.5, 13, 2.5], "texture": "#0"},
				"down": {"uv": [8, 0, 9, 1], "texture": "#0"}
			}
		},
		{
			"name": "octagon",
			"from": [5.42157, 6.75, -5.2499],
			"to": [7.07843, 7.75, -3.2499],
			"rotation": {"angle": 0, "axis": "z", "origin": [6.25, 8.75, 2.75]},
			"faces": {
				"north": {"uv": [0, 0, 1, 0.5], "texture": "#0"},
				"east": {"uv": [0, 0, 1, 1], "texture": "#0"},
				"south": {"uv": [0, 0, 0.5, 0.5], "texture": "#0"},
				"west": {"uv": [0, 0, 1, 1], "texture": "#0"},
				"up": {"uv": [12.5, 1.5, 13, 2.5], "texture": "#0"},
				"down": {"uv": [8, 0, 9, 1], "texture": "#0"}
			}
		},
		{
			"name": "octagon",
			"from": [5.42157, 9.75, -5.25],
			"to": [7.07843, 10.75, -3.25],
			"rotation": {"angle": 45, "axis": "z", "origin": [6.25, 8.75, 2.75]},
			"faces": {
				"north": {"uv": [0, 0, 1, 0.5], "texture": "#0"},
				"east": {"uv": [0, 0, 1, 1], "texture": "#0"},
				"south": {"uv": [0, 0, 0.5, 0.5], "texture": "#0"},
				"west": {"uv": [0, 0, 1, 1], "texture": "#0"},
				"up": {"uv": [8, 0, 9, 1], "texture": "#0"},
				"down": {"uv": [12.5, 1.5, 13, 2.5], "texture": "#0"}
			}
		},
		{
			"name": "octagon",
			"from": [5.42157, 9.75, -5.2499],
			"to": [7.07843, 10.75, -3.2499],
			"rotation": {"angle": 0, "axis": "z", "origin": [6.25, 8.75, 2.75]},
			"faces": {
				"north": {"uv": [0, 0, 1, 0.5], "texture": "#0"},
				"east": {"uv": [0, 0, 1, 1], "texture": "#0"},
				"south": {"uv": [0, 0, 1, 0.5], "texture": "#0"},
				"west": {"uv": [0, 0, 1, 1], "texture": "#0"},
				"up": {"uv": [9, 0, 10, 1], "texture": "#0"},
				"down": {"uv": [12.5, 1.5, 13, 2.5], "texture": "#0"}
			}
		},
		{
			"name": "octagon",
			"from": [4.25, 7.92157, -5.25],
			"to": [5.25, 9.57843, -3.25],
			"rotation": {"angle": 45, "axis": "z", "origin": [6.25, 8.75, 2.75]},
			"faces": {
				"north": {"uv": [0, 0, 0.5, 1], "texture": "#0"},
				"east": {"uv": [13, 1, 14, 1.5], "texture": "#0"},
				"south": {"uv": [0, 0.5, 0.5, 1], "texture": "#0"},
				"west": {"uv": [8, 0, 9, 1], "texture": "#0"},
				"up": {"uv": [0, 0, 1, 1], "texture": "#0"},
				"down": {"uv": [0, 0, 1, 1], "texture": "#0"}
			}
		},
		{
			"name": "octagon",
			"from": [4.25, 7.92157, -5.2499],
			"to": [5.25, 9.57843, -3.2499],
			"rotation": {"angle": 0, "axis": "z", "origin": [6.25, 8.75, 2.75]},
			"faces": {
				"north": {"uv": [0, 0, 0.5, 1], "texture": "#0"},
				"east": {"uv": [13, 1, 14, 1.5], "texture": "#0"},
				"south": {"uv": [0, 0, 0.5, 1], "texture": "#0"},
				"west": {"uv": [8, 0, 9, 1], "texture": "#0"},
				"up": {"uv": [0, 0, 1, 1], "texture": "#0"},
				"down": {"uv": [0, 0, 1, 1], "texture": "#0"}
			}
		},
		{
			"name": "octagon",
			"from": [7.25, 7.92157, -5.25],
			"to": [8.25, 9.57843, -3.25],
			"rotation": {"angle": 45, "axis": "z", "origin": [6.25, 8.75, 2.75]},
			"faces": {
				"north": {"uv": [0, 0, 0.5, 1], "texture": "#0"},
				"east": {"uv": [8, 0, 9, 1], "texture": "#0"},
				"south": {"uv": [0, 0.5, 0.5, 1.5], "texture": "#0"},
				"west": {"uv": [13, 1, 14, 1.5], "texture": "#0"},
				"up": {"uv": [0, 0, 1, 1], "texture": "#0"},
				"down": {"uv": [0, 0, 1, 1], "texture": "#0"}
			}
		},
		{
			"name": "octagon",
			"from": [7.25, 7.92157, -5.2499],
			"to": [8.25, 9.57843, -3.2499],
			"rotation": {"angle": 0, "axis": "z", "origin": [6.25, 8.75, 2.75]},
			"faces": {
				"north": {"uv": [0, 0, 0.5, 1], "texture": "#0"},
				"east": {"uv": [0, 0, 1, 1], "texture": "#0"},
				"south": {"uv": [0, 0.5, 0.5, 1], "texture": "#0"},
				"west": {"uv": [13, 1, 14, 1.5], "texture": "#0"},
				"up": {"uv": [0, 0, 1, 1], "texture": "#0"},
				"down": {"uv": [0, 0, 1, 1], "texture": "#0"}
			}
		}
	],
	"display": {
		"thirdperson_righthand": {
			"translation": [-2.25, 1.75, 10.25]
		},
		"thirdperson_lefthand": {
			"translation": [-9.75, 2, 10.25]
		},
		"firstperson_righthand": {
			"translation": [-7.25, 7.5, 11]
		},
		"firstperson_lefthand": {
			"translation": [0, -80, 0]
		},
		"ground": {
			"rotation": [0, 0, 90],
			"translation": [-0.75, -3.5, 0.5],
			"scale": [0.7, 0.7, 0.7]
		},
		"gui": {
			"rotation": [20, 55, 4],
			"translation": [-0.5, 0, 0],
			"scale": [0.8, 0.8, 0.8]
		},
		"head": {
			"translation": [-2.5, 2, -14.5]
		},
		"fixed": {
			"rotation": [0, -89, 0],
			"translation": [-1, 0, -2]
		}
	},
	"groups": [
		0,
		1,
		2,
		3,
		4,
		5,
		6,
		7,
		8,
		{
			"name": "group",
			"origin": [10.375, 8.10963, -8.92388],
			"color": 0,
			"children": []
		},
		{
			"name": "scope",
			"origin": [8, 8, 8],
			"color": 0,
			"children": [9, 10, 11, 12, 13, 14, 15, 16]
		}
	]
}