{
  "ray_gun_fire": {
    "sounds": [
      {
        "name": "gun/shoot/ray_gun_fire",
        "stream": "true"
      }
    ]
  },
  "laser_shield": {
    "sounds": [
      {
        "name": "equipment/laser_shield",
        "stream": "true"
      }
    ]
  },
  "pistol_reload": {
    "sounds": [
      {
        "name": "gun/reload/pistol_reload",
        "stream": "true"
      }
    ]
  },
  "assault_reload": {
    "sounds": [
      {
        "name": "gun/reload/assault_rifle_reload",
        "stream": "true"
      }
    ]
  },
  "shotgun_reload": {
    "sounds": [
      {
        "name": "gun/reload/shotgun_reload",
        "stream": "true"
      }
    ]
  },
  "sniper_reload": {
    "sounds": [
      {
        "name": "gun/reload/sniper_reload",
        "stream": "true"
      }
    ]
  },
  "laser_cannon_reload": {
    "sounds": [
      {
        "name": "gun/reload/laser_cannon_reload",
        "stream": "true"
      }
    ]
  },
  "laser_pistol_reload": {
    "sounds": [
      {
        "name": "gun/reload/laser_pistol_reload",
        "stream": "true"
      }
    ]
  },
  "chemical_thrower_reload": {
    "sounds": [
      {
        "name": "gun/reload/chemical_thrower_reload",
        "stream": "true"
      }
    ]
  },
  "beep": {
    "sounds": [
      {
        "name": "equipment/beep",
        "stream": "true"
      }
    ]
  },
  "auto_turret_setup": {
    "sounds": [
      {
        "name": "equipment/auto_turret_setup",
        "stream": "true"
      }
    ]
  },
  "auto_turret_explode": {
    "sounds": [
      {
        "name": "equipment/auto_turret_explode",
        "stream": "true"
      }
    ]
  },
  "auto_turret_shot": {
    "sounds": [
      {
        "name": "equipment/auto_turret_shot",
        "stream": "true"
      }
    ]
  },
  "assault_rifle_fire": {
    "sounds": [
      {
        "name": "gun/shoot/assault_rifle_fire",
        "stream": "true"
      }
    ]
  },
  "laser_cannon_fire": {
    "sounds": [
      {
        "name": "gun/shoot/laser_cannon_fire",
        "stream": "true"
      }
    ]
  },
  "laser_pistol_fire": {
    "sounds": [
      {
        "name": "gun/shoot/laser_pistol_fire",
        "stream": "true"
      }
    ]
  },
  "pistol_fire": {
    "sounds": [
      {
        "name": "gun/shoot/pistol_fire",
        "stream": "true"
      }
    ]
  },
  "shotgun_fire": {
    "sounds": [
      {
        "name": "gun/shoot/shotgun_fire",
        "stream": "true"
      }
    ]
  },
  "sniper_rifle_fire": {
    "sounds": [
      {
        "name": "gun/shoot/sniper_rifle_fire",
        "stream": "true"
      }
    ]
  },
  "laser_rifle_fire": {
    "sounds": [
      {
        "name": "gun/shoot/laser_rifle_fire",
        "stream": "true"
      }
    ]
  },
  "shotgun_cocking": {
    "sounds": [
      {
        "name": "gun/reload/shotgun_cocking",
        "stream": "true"
      }
    ]
  },
  "bandage_use": {
    "sounds": [
      {
        "name": "medical/bandage_use",
        "stream": "true"
      }
    ]
  },
  "syringe_use": {
    "sounds": [
      {
        "name": "medical/syringe_use",
        "stream": "true"
      }
    ]
  },"uzi_fire": {
    "sounds": [
      {
        "name": "gun/shoot/uzi_fire",
        "stream": "true"
      }
    ]
  },"lmg_fire": {
    "sounds": [
      {
        "name": "gun/shoot/lmg_fire",
        "stream": "true"
      }
    ]
  },"assault_rifle_fire_far1": {
    "sounds": [
      {
        "name": "gun/shoot/assault_rifle_fire_far1",
        "stream": "true"
      }
    ]
  }
}