{
    "providers": [
        {
            "type": "bitmap",
            "file": "gbg:equipment/pipe_bomb.png",
            "ascent": 56,
            "height": 56,
            "chars": ["\u0030"],
            "character": "0" 
        },
        {
            "type": "bitmap",
            "file": "gbg:equipment/molotov_cocktail.png",
            "ascent": 56,
            "height": 56,
            "chars": ["\u0031"],
            "character": "1"
        },
        {
            "type": "bitmap",
            "file": "gbg:equipment/grenade.png",
            "ascent": 56,
            "height": 56,
            "chars": ["\u0032"],
            "character": "2"
        },
        {
            "type": "bitmap",
            "file": "gbg:equipment/chemical_grenade.png",
            "ascent": 56,
            "height": 56,
            "chars": ["\u0033"],
            "character": "3"
        }
    ]
}