{
	"credit": "Made with Blockbench",
	"texture_size": [32, 32],
	"textures": {
		"0": "equiptment/auto_turret_damaged",
		"particle": "equiptment/auto_turret_damaged"
	},
	"elements": [
		{
			"from": [4, 17, 4],
			"to": [12, 19, 12],
			"faces": {
				"north": {"uv": [12, 0, 16, 1], "texture": "#0"},
				"east": {"uv": [12, 0, 16, 1], "texture": "#0"},
				"south": {"uv": [12, 0, 16, 1], "texture": "#0"},
				"west": {"uv": [12, 0, 16, 1], "texture": "#0"},
				"up": {"uv": [12, 0, 16, 4], "texture": "#0"},
				"down": {"uv": [12, 0, 16, 4], "texture": "#0"}
			}
		},
		{
			"from": [3, 18, 7],
			"to": [4, 24, 9],
			"faces": {
				"north": {"uv": [15.5, 0, 16, 3], "texture": "#0"},
				"east": {"uv": [15, 0, 16, 3], "texture": "#0"},
				"south": {"uv": [15.5, 0, 16, 3], "texture": "#0"},
				"west": {"uv": [15, 0, 16, 3], "texture": "#0"},
				"up": {"uv": [15.5, 0, 16, 1], "texture": "#0"},
				"down": {"uv": [15.5, 0, 16, 1], "texture": "#0"}
			}
		},
		{
			"from": [6, 22.25, 10.5],
			"to": [7, 26.25, 11.5],
			"rotation": {"angle": -22.5, "axis": "x", "origin": [5.5, 24, 9.75]},
			"faces": {
				"north": {"uv": [15.5, 13, 16, 15], "texture": "#0"},
				"east": {"uv": [13.5, 14, 14, 16], "texture": "#0"},
				"south": {"uv": [14, 13.5, 14.5, 15.5], "texture": "#0"},
				"west": {"uv": [0, 0, 0.5, 2], "texture": "#missing"},
				"up": {"uv": [14.5, 13.5, 15, 14], "texture": "#0"},
				"down": {"uv": [0, 0, 0.5, 0.5], "texture": "#missing"}
			}
		},
		{
			"from": [5, 22.25, 10.5],
			"to": [6, 28.25, 11.5],
			"rotation": {"angle": -22.5, "axis": "x", "origin": [5.5, 24, 9.75]},
			"faces": {
				"north": {"uv": [14, 12.5, 14.5, 15.5], "texture": "#0"},
				"east": {"uv": [14.5, 12.5, 15, 15.5], "texture": "#0"},
				"south": {"uv": [13.5, 13, 14, 16], "texture": "#0"},
				"west": {"uv": [0, 0, 0.5, 3], "texture": "#missing"},
				"up": {"uv": [0, 0, 0.5, 0.5], "texture": "#missing"},
				"down": {"uv": [0, 0, 0.5, 0.5], "texture": "#missing"}
			}
		},
		{
			"from": [5, 28.25, 6.5],
			"to": [6, 29.25, 11.5],
			"rotation": {"angle": -22.5, "axis": "x", "origin": [5.5, 24, 9.75]},
			"faces": {
				"north": {"uv": [15, 14, 15.5, 14.5], "texture": "#0"},
				"east": {"uv": [12, 13.5, 14.5, 14], "texture": "#0"},
				"south": {"uv": [15.5, 12.5, 16, 13], "texture": "#0"},
				"west": {"uv": [0, 0, 2.5, 0.5], "texture": "#missing"},
				"up": {"uv": [15.5, 13.5, 16, 16], "texture": "#0"},
				"down": {"uv": [13.5, 13.5, 14, 16], "texture": "#0"}
			}
		},
		{
			"from": [4, 21.25, 3.5],
			"to": [5, 29.25, 11.5],
			"rotation": {"angle": -22.5, "axis": "x", "origin": [5.5, 24, 9.75]},
			"faces": {
				"north": {"uv": [15.5, 12.5, 16, 16], "texture": "#0"},
				"east": {"uv": [11, 8, 15, 12], "texture": "#0"},
				"south": {"uv": [14, 12.5, 14.5, 16], "texture": "#0"},
				"west": {"uv": [12, 12.5, 16, 16], "texture": "#0"},
				"up": {"uv": [15.5, 12.5, 16, 16], "texture": "#0"},
				"down": {"uv": [13, 12.5, 13.5, 16], "texture": "#0"}
			}
		},
		{
			"from": [6, 21.25, 6.5],
			"to": [7, 22.25, 11.5],
			"rotation": {"angle": -22.5, "axis": "x", "origin": [5.5, 24, 9.75]},
			"faces": {
				"north": {"uv": [15.5, 14, 16, 14.5], "texture": "#0"},
				"east": {"uv": [12, 15.5, 14.5, 16], "texture": "#0"},
				"south": {"uv": [15, 14.5, 15.5, 15], "texture": "#0"},
				"west": {"uv": [0, 0, 2.5, 0.5], "texture": "#missing"},
				"up": {"uv": [13, 12.5, 13.5, 15], "texture": "#0"},
				"down": {"uv": [14, 13.5, 14.5, 16], "texture": "#0"}
			}
		},
		{
			"from": [5, 21.25, 4.5],
			"to": [6, 22.25, 11.5],
			"rotation": {"angle": -22.5, "axis": "x", "origin": [5.5, 24, 9.75]},
			"faces": {
				"north": {"uv": [12.5, 14, 13, 14.5], "texture": "#0"},
				"east": {"uv": [12.5, 14, 16, 14.5], "texture": "#0"},
				"south": {"uv": [15.5, 15.5, 16, 16], "texture": "#0"},
				"west": {"uv": [0, 0, 3.5, 0.5], "texture": "#missing"},
				"up": {"uv": [14.5, 13, 15, 16], "texture": "#0"},
				"down": {"uv": [13.5, 12.5, 14, 15.5], "texture": "#0"}
			}
		}
	],
	"display": {
		"thirdperson_righthand": {
			"rotation": [75, 45, 0],
			"translation": [0, 2.5, 0],
			"scale": [0.375, 0.375, 0.375]
		},
		"thirdperson_lefthand": {
			"rotation": [75, 45, 0],
			"translation": [0, 2.5, 0],
			"scale": [0.375, 0.375, 0.375]
		},
		"firstperson_righthand": {
			"rotation": [0, 45, 0],
			"translation": [2, 0, 0],
			"scale": [0.4, 0.4, 0.4]
		},
		"firstperson_lefthand": {
			"rotation": [0, 225, 0],
			"translation": [1.75, 0, 0],
			"scale": [0.4, 0.4, 0.4]
		},
		"ground": {
			"scale": [0.5, 0.5, 0.5]
		},
		"gui": {
			"rotation": [25, 117, 0],
			"translation": [0.25, -2.25, 0],
			"scale": [0.5, 0.5, 0.5]
		},
		"head": {
			"translation": [0, -31, 0],
			"scale": [1.5, 1.5, 1.5]
		},
		"fixed": {
			"translation": [0, -2.5, 0],
			"scale": [0.5, 0.5, 0.5]
		}
	},
	"groups": [
		0,
		1,
		{
			"name": "group",
			"origin": [0, 0, 0],
			"color": 0,
			"nbt": "{}",
			"armAnimationEnabled": false,
			"children": [2, 3, 4, 5, 6, 7]
		}
	]
}