{
	"credit": "Made with Blockbench",
	"texture_size": [32, 32],
	"textures": {
		"1": "equiptment/auto_turret_destroyed"
	},
	"elements": [
		{
			"from": [4, 17, 4],
			"to": [5, 19, 12],
			"faces": {
				"north": {"uv": [15.5, 0, 16, 0.5], "texture": "#1"},
				"east": {"uv": [15.5, 0, 16, 0.5], "texture": "#1"},
				"south": {"uv": [15.5, 0, 16, 1], "texture": "#1"},
				"west": {"uv": [12, 0, 16, 1], "texture": "#1"},
				"up": {"uv": [15.5, 0, 16, 4], "texture": "#1"},
				"down": {"uv": [15.5, 0, 16, 4], "texture": "#1"}
			}
		},
		{
			"from": [5, 17, 10],
			"to": [6, 19, 12],
			"faces": {
				"north": {"uv": [15.5, 0, 16, 0.5], "texture": "#1"},
				"east": {"uv": [15.5, 0, 16, 0.5], "texture": "#1"},
				"south": {"uv": [14.5, 0, 15, 1], "texture": "#1"},
				"west": {"uv": [12, 0, 16, 1], "texture": "#1"},
				"up": {"uv": [15.5, 0, 16, 1], "texture": "#1"},
				"down": {"uv": [15.5, 0, 16, 4], "texture": "#1"}
			}
		},
		{
			"from": [6, 17, 9],
			"to": [7, 21, 9],
			"faces": {
				"north": {"uv": [9, 0, 9.5, 2], "texture": "#1"},
				"east": {"uv": [15.5, 0, 16, 0.5], "texture": "#1"},
				"south": {"uv": [9, 0, 9.5, 2], "texture": "#1"},
				"west": {"uv": [12, 0, 16, 1], "texture": "#1"},
				"up": {"uv": [15.5, 0, 16, 1], "texture": "#1"},
				"down": {"uv": [15.5, 0, 16, 4], "texture": "#1"}
			}
		},
		{
			"from": [7, 17, 6],
			"to": [8, 20, 6],
			"rotation": {"angle": 22.5, "axis": "y", "origin": [7.5, 20, 6]},
			"faces": {
				"north": {"uv": [9.5, 0, 10, 1.5], "texture": "#1"},
				"east": {"uv": [15.5, 0, 16, 0.5], "texture": "#1"},
				"south": {"uv": [9.5, 0, 10, 1.5], "texture": "#1"},
				"west": {"uv": [12, 0, 16, 1], "texture": "#1"},
				"up": {"uv": [15.5, 0, 16, 1], "texture": "#1"},
				"down": {"uv": [15.5, 0, 16, 4], "texture": "#1"}
			}
		},
		{
			"from": [8.75, 17, 5.75],
			"to": [9.75, 19, 5.75],
			"rotation": {"angle": -22.5, "axis": "y", "origin": [9.25, 20, 5.75]},
			"faces": {
				"north": {"uv": [11.5, 0, 12, 1], "texture": "#1"},
				"east": {"uv": [15.5, 0, 16, 0.5], "texture": "#1"},
				"south": {"uv": [11.5, 0, 12, 1], "texture": "#1"},
				"west": {"uv": [12, 0, 16, 1], "texture": "#1"},
				"up": {"uv": [15.5, 0, 16, 1], "texture": "#1"},
				"down": {"uv": [15.5, 0, 16, 4], "texture": "#1"}
			}
		},
		{
			"from": [9.5, 17, 9.5],
			"to": [10.5, 21, 9.5],
			"rotation": {"angle": 45, "axis": "y", "origin": [9.5, 20, 9]},
			"faces": {
				"north": {"uv": [11, 0, 11.5, 2], "texture": "#1"},
				"east": {"uv": [15.5, 0, 16, 0.5], "texture": "#1"},
				"south": {"uv": [11, 0, 11.5, 2], "texture": "#1"},
				"west": {"uv": [12, 0, 16, 1], "texture": "#1"},
				"up": {"uv": [15.5, 0, 16, 1], "texture": "#1"},
				"down": {"uv": [15.5, 0, 16, 4], "texture": "#1"}
			}
		},
		{
			"from": [9, 17, 7],
			"to": [11, 22, 7],
			"faces": {
				"north": {"uv": [10, 0, 11, 2.5], "texture": "#1"},
				"east": {"uv": [15.5, 0, 16, 0.5], "texture": "#1"},
				"south": {"uv": [10, 0, 11, 2.5], "texture": "#1"},
				"west": {"uv": [12, 0, 16, 1], "texture": "#1"},
				"up": {"uv": [15.5, 0, 16, 1], "texture": "#1"},
				"down": {"uv": [15.5, 0, 16, 4], "texture": "#1"}
			}
		},
		{
			"from": [8.5, 17, 6.5],
			"to": [8.5, 24, 8.5],
			"rotation": {"angle": 22.5, "axis": "y", "origin": [8.5, 20, 8]},
			"faces": {
				"north": {"uv": [11, 0, 11, 0], "texture": "#1"},
				"east": {"uv": [8, 0, 9, 3.5], "texture": "#1"},
				"south": {"uv": [12, 0, 12, 0], "texture": "#1"},
				"west": {"uv": [8, 0, 9, 3.5], "texture": "#1"},
				"up": {"uv": [12, 0, 12, 0], "rotation": 90, "texture": "#1"},
				"down": {"uv": [10.5, 0, 10.5, 0], "rotation": 270, "texture": "#1"}
			}
		}
	],
	"display": {
		"thirdperson_righthand": {
			"rotation": [75, 45, 0],
			"translation": [0, 2.5, 0],
			"scale": [0.375, 0.375, 0.375]
		},
		"thirdperson_lefthand": {
			"rotation": [75, 45, 0],
			"translation": [0, 2.5, 0],
			"scale": [0.375, 0.375, 0.375]
		},
		"firstperson_righthand": {
			"rotation": [0, 45, 0],
			"translation": [2, 0, 0],
			"scale": [0.4, 0.4, 0.4]
		},
		"firstperson_lefthand": {
			"rotation": [0, 225, 0],
			"translation": [1.75, 0, 0],
			"scale": [0.4, 0.4, 0.4]
		},
		"ground": {
			"scale": [0.5, 0.5, 0.5]
		},
		"gui": {
			"rotation": [25, 117, 0],
			"translation": [0.25, -2.25, 0],
			"scale": [0.5, 0.5, 0.5]
		},
		"head": {
			"translation": [0, -31, 0],
			"scale": [1.5, 1.5, 1.5]
		},
		"fixed": {
			"translation": [0, -2.5, 0],
			"scale": [0.5, 0.5, 0.5]
		}
	},
	"groups": [
		0,
		1,
		2,
		3,
		4,
		5,
		6,
		7,
		{
			"name": "group",
			"origin": [0, 0, 0],
			"color": 0,
			"nbt": "{}",
			"armAnimationEnabled": false,
			"children": []
		}
	]
}