{
	"credit": "Made with Blockbench",
	"textures": {
		"0": "gun_ammo/standard",
		"1": "gun_ammo/standard2",
		"particle": "gun_ammo/standard"
	},
	"elements": [
		{
			"from": [6.5, 6, 5],
			"to": [9.5, 9, 18],
			"rotation": {"angle": 0, "axis": "y", "origin": [0, 0, 3]},
			"faces": {
				"north": {"uv": [0, 0, 3, 3], "texture": "#0"},
				"east": {"uv": [0, 0, 13, 3], "texture": "#0"},
				"south": {"uv": [0, 0, 3, 3], "texture": "#0"},
				"west": {"uv": [0, 0, 13, 3], "texture": "#0"},
				"up": {"uv": [3, 3, 6, 16], "texture": "#0"},
				"down": {"uv": [0, 3, 3, 16], "texture": "#0"}
			}
		},
		{
			"from": [6.499, 8, -2],
			"to": [9.499, 9, 5],
			"rotation": {"angle": 0, "axis": "y", "origin": [0, 0, 3]},
			"faces": {
				"north": {"uv": [0, 0, 3, 1], "texture": "#0"},
				"east": {"uv": [0, 0, 7, 1], "texture": "#0"},
				"south": {"uv": [0, 0, 3, 1], "texture": "#0"},
				"west": {"uv": [0, 0, 7, 1], "texture": "#0"},
				"up": {"uv": [3, 3, 6, 10], "texture": "#0"},
				"down": {"uv": [3, 3, 6, 10], "texture": "#0"}
			}
		},
		{
			"from": [6.5, 6, 18],
			"to": [9.5, 9, 28.5],
			"rotation": {"angle": 0, "axis": "y", "origin": [0, 0, 3]},
			"faces": {
				"north": {"uv": [13, 13, 16, 16], "texture": "#0"},
				"east": {"uv": [6, 3, 16, 6], "texture": "#0"},
				"south": {"uv": [13, 13, 16, 16], "texture": "#0"},
				"west": {"uv": [6, 3, 16, 6], "texture": "#0"},
				"up": {"uv": [0, 5.5, 3, 16], "texture": "#0"},
				"down": {"uv": [0, 5.5, 3, 16], "texture": "#0"}
			}
		},
		{
			"from": [6.5, 2.15, 28.5],
			"to": [9.5, 9, 31.5],
			"rotation": {"angle": 0, "axis": "y", "origin": [0, 0, 3]},
			"faces": {
				"north": {"uv": [0, 9.15, 3, 16], "texture": "#0"},
				"east": {"uv": [0, 9.15, 3, 16], "texture": "#0"},
				"south": {"uv": [0, 9.15, 3, 16], "texture": "#0"},
				"west": {"uv": [0, 9.15, 3, 16], "texture": "#0"},
				"up": {"uv": [0, 13, 3, 16], "texture": "#0"},
				"down": {"uv": [0, 13, 3, 16], "texture": "#0"}
			}
		},
		{
			"from": [6.501, -0.7, 15.8],
			"to": [9.498, 6.3, 18.8],
			"rotation": {"angle": -22.5, "axis": "x", "origin": [8, 3.5, 16]},
			"faces": {
				"north": {"uv": [13.003, 9, 16, 16], "texture": "#0"},
				"east": {"uv": [13, 9, 16, 16], "texture": "#0"},
				"south": {"uv": [13.003, 9, 16, 16], "texture": "#0"},
				"west": {"uv": [13, 9, 16, 16], "texture": "#0"},
				"up": {"uv": [13.003, 10, 16, 13], "texture": "#0"},
				"down": {"uv": [13.003, 13, 16, 16], "texture": "#0"}
			}
		},
		{
			"from": [6.501, -3.7, 15.8],
			"to": [9.498, -0.7, 24.8],
			"rotation": {"angle": -22.5, "axis": "x", "origin": [8, 3.5, 16]},
			"faces": {
				"north": {"uv": [13.003, 13, 16, 16], "texture": "#0"},
				"east": {"uv": [6, 3, 16, 6], "texture": "#0"},
				"south": {"uv": [13.003, 13, 16, 16], "texture": "#0"},
				"west": {"uv": [6, 3, 16, 6], "texture": "#0"},
				"up": {"uv": [13.003, 7, 16, 16], "texture": "#0"},
				"down": {"uv": [13.003, 7, 16, 16], "texture": "#0"}
			}
		},
		{
			"from": [6.501, -3.7, 24.8],
			"to": [9.498, -0.7, 29.8],
			"rotation": {"angle": -22.5, "axis": "x", "origin": [8, 3.5, 16]},
			"faces": {
				"north": {"uv": [13.003, 13, 16, 16], "texture": "#0"},
				"east": {"uv": [7, 3, 12, 6], "texture": "#0"},
				"south": {"uv": [13.003, 13, 16, 16], "texture": "#0"},
				"west": {"uv": [7, 3, 12, 6], "texture": "#0"},
				"up": {"uv": [13.003, 11, 16, 16], "texture": "#0"},
				"down": {"uv": [13.003, 11, 16, 16], "texture": "#0"}
			}
		},
		{
			"from": [7, 0.5, 12],
			"to": [9, 2.5, 17],
			"rotation": {"angle": 0, "axis": "y", "origin": [0, 0, 3]},
			"faces": {
				"north": {"uv": [14, 14, 16, 16], "texture": "#0"},
				"east": {"uv": [11, 3, 16, 5], "texture": "#0"},
				"south": {"uv": [14, 14, 16, 16], "texture": "#0"},
				"west": {"uv": [11, 4, 16, 6], "texture": "#0"},
				"up": {"uv": [13, 11, 15, 16], "texture": "#0"},
				"down": {"uv": [14, 11, 16, 16], "texture": "#0"}
			}
		},
		{
			"name": "octagon",
			"from": [7.37868, 6, -5],
			"to": [8.62132, 9, 5],
			"rotation": {"angle": 45, "axis": "z", "origin": [8, 7.5, 11]},
			"faces": {
				"north": {"uv": [0, 0, 1, 1], "texture": "#0"},
				"east": {"uv": [0, 0, 1, 1], "texture": "#0"},
				"south": {"uv": [0, 0, 1, 1], "texture": "#0"},
				"west": {"uv": [0, 0, 1, 1], "texture": "#0"},
				"up": {"uv": [4, 6, 5, 16], "texture": "#0"},
				"down": {"uv": [5, 6, 6, 16], "texture": "#0"}
			}
		},
		{
			"name": "octagon",
			"from": [7.37868, 5.999, -5],
			"to": [8.62132, 8.999, 5],
			"rotation": {"angle": 0, "axis": "z", "origin": [8, 7.5, 11]},
			"faces": {
				"north": {"uv": [0, 0, 1, 1], "texture": "#0"},
				"east": {"uv": [0, 0, 1, 1], "texture": "#0"},
				"south": {"uv": [0, 0, 1, 1], "texture": "#0"},
				"west": {"uv": [0, 0, 1, 1], "texture": "#0"},
				"up": {"uv": [4, 6, 5, 16], "texture": "#0"},
				"down": {"uv": [3, 6, 4, 16], "texture": "#0"}
			}
		},
		{
			"name": "octagon",
			"from": [6.5, 6.87868, -5],
			"to": [9.5, 8.12132, 5],
			"rotation": {"angle": 45, "axis": "z", "origin": [8, 7.5, 11]},
			"faces": {
				"north": {"uv": [0, 0, 1, 1], "texture": "#0"},
				"east": {"uv": [3, 1, 13, 2], "texture": "#0"},
				"south": {"uv": [0, 0, 1, 1], "texture": "#0"},
				"west": {"uv": [0, 0, 10, 1], "texture": "#0"},
				"up": {"uv": [0, 0, 1, 1], "texture": "#0"},
				"down": {"uv": [0, 0, 1, 1], "texture": "#0"}
			}
		},
		{
			"name": "octagon",
			"from": [6.5, 6.87868, -5],
			"to": [9.5, 8.12132, 5],
			"rotation": {"angle": 0, "axis": "z", "origin": [8, 7.5, 11]},
			"faces": {
				"north": {"uv": [0, 0, 1, 1], "texture": "#0"},
				"east": {"uv": [0, 1, 10, 2], "texture": "#0"},
				"south": {"uv": [0, 0, 1, 1], "texture": "#0"},
				"west": {"uv": [3, 0, 13, 1], "texture": "#0"},
				"up": {"uv": [0, 0, 1, 1], "texture": "#0"},
				"down": {"uv": [0, 0, 1, 1], "texture": "#0"}
			}
		},
		{
			"name": "octagon",
			"from": [7.48223, 6.25, -16],
			"to": [8.51777, 6.75, -5],
			"rotation": {"angle": 45, "axis": "z", "origin": [8, 7.5, -8]},
			"faces": {
				"north": {"uv": [0, 0, 1, 1], "texture": "#0"},
				"east": {"uv": [0, 0, 1, 1], "texture": "#0"},
				"south": {"uv": [0, 0, 1, 1], "texture": "#0"},
				"west": {"uv": [0, 0, 1, 1], "texture": "#0"},
				"up": {"uv": [4, 5, 5, 16], "texture": "#0"},
				"down": {"uv": [5, 5, 6, 16], "texture": "#0"}
			}
		},
		{
			"name": "octagon",
			"from": [7.48223, 8.25, -16],
			"to": [8.51777, 8.75, -5],
			"rotation": {"angle": 45, "axis": "z", "origin": [8, 7.5, -8]},
			"faces": {
				"north": {"uv": [0, 0, 1, 1], "texture": "#0"},
				"east": {"uv": [0, 0, 1, 1], "texture": "#0"},
				"south": {"uv": [0, 0, 1, 1], "texture": "#0"},
				"west": {"uv": [0, 0, 1, 1], "texture": "#0"},
				"up": {"uv": [4, 5, 5, 16], "texture": "#0"},
				"down": {"uv": [5, 5, 6, 16], "texture": "#0"}
			}
		},
		{
			"name": "octagon",
			"from": [7.48223, 8.25, -16],
			"to": [8.51777, 8.75, -5],
			"rotation": {"angle": 0, "axis": "z", "origin": [8, 7.5, -8]},
			"faces": {
				"north": {"uv": [0, 0, 1, 1], "texture": "#0"},
				"east": {"uv": [0, 0, 1, 1], "texture": "#0"},
				"south": {"uv": [0, 0, 1, 1], "texture": "#0"},
				"west": {"uv": [0, 0, 1, 1], "texture": "#0"},
				"up": {"uv": [5, 5, 6, 16], "texture": "#0"},
				"down": {"uv": [3, 5, 4, 16], "texture": "#0"}
			}
		},
		{
			"name": "octagon",
			"from": [7.48223, 6.25, -16],
			"to": [8.51777, 6.75, -5],
			"rotation": {"angle": 0, "axis": "y", "origin": [8, 7.5, -8]},
			"faces": {
				"north": {"uv": [0, 0, 1, 1], "texture": "#0"},
				"east": {"uv": [0, 0, 1, 1], "texture": "#0"},
				"south": {"uv": [0, 0, 1, 1], "texture": "#0"},
				"west": {"uv": [0, 0, 1, 1], "texture": "#0"},
				"up": {"uv": [5, 5, 6, 16], "texture": "#0"},
				"down": {"uv": [3, 5, 4, 16], "texture": "#0"}
			}
		},
		{
			"name": "octagon",
			"from": [8.75, 6.98223, -16],
			"to": [9.25, 8.01777, -5],
			"rotation": {"angle": 45, "axis": "z", "origin": [8, 7.5, -8]},
			"faces": {
				"north": {"uv": [0, 0, 1, 1], "texture": "#0"},
				"east": {"uv": [0, 1, 11, 2], "texture": "#0"},
				"south": {"uv": [0, 0, 1, 1], "texture": "#0"},
				"west": {"uv": [0, 0, 11, 1], "texture": "#0"},
				"up": {"uv": [0, 0, 1, 1], "texture": "#0"},
				"down": {"uv": [0, 0, 1, 1], "texture": "#0"}
			}
		},
		{
			"name": "octagon",
			"from": [6.75, 6.98223, -16],
			"to": [7.25, 8.01777, -5],
			"rotation": {"angle": 45, "axis": "z", "origin": [8, 7.5, -8]},
			"faces": {
				"north": {"uv": [0, 0, 1, 1], "texture": "#0"},
				"east": {"uv": [0, 1, 11, 2], "texture": "#0"},
				"south": {"uv": [0, 0, 1, 1], "texture": "#0"},
				"west": {"uv": [0, 0, 11, 1], "texture": "#0"},
				"up": {"uv": [0, 0, 1, 1], "texture": "#0"},
				"down": {"uv": [0, 0, 1, 1], "texture": "#0"}
			}
		},
		{
			"name": "octagon",
			"from": [6.75, 6.98223, -16],
			"to": [7.25, 8.01777, -5],
			"rotation": {"angle": 0, "axis": "z", "origin": [8, 7.5, -8]},
			"faces": {
				"north": {"uv": [0, 0, 1, 1], "texture": "#0"},
				"east": {"uv": [2, 1, 13, 2], "texture": "#0"},
				"south": {"uv": [0, 0, 1, 1], "texture": "#0"},
				"west": {"uv": [0, 0, 11, 1], "texture": "#0"},
				"up": {"uv": [0, 0, 1, 1], "texture": "#0"},
				"down": {"uv": [0, 0, 1, 1], "texture": "#0"}
			}
		},
		{
			"name": "octagon",
			"from": [8.75, 6.98223, -16],
			"to": [9.25, 8.01777, -5],
			"rotation": {"angle": 0, "axis": "y", "origin": [8, 7.5, -8]},
			"faces": {
				"north": {"uv": [0, 0, 1, 1], "texture": "#0"},
				"east": {"uv": [2, 1, 13, 2], "texture": "#0"},
				"south": {"uv": [0, 0, 1, 1], "texture": "#0"},
				"west": {"uv": [0, 0, 11, 1], "texture": "#0"},
				"up": {"uv": [0, 0, 1, 1], "texture": "#0"},
				"down": {"uv": [0, 0, 1, 1], "texture": "#0"}
			}
		},
		{
			"name": "octagon",
			"from": [6.513, 7.67868, 10.5],
			"to": [9.463, 8.92132, 11.5],
			"rotation": {"angle": 45, "axis": "x", "origin": [8, 8.3, 12]},
			"faces": {
				"north": {"uv": [0, 0, 3, 1], "texture": "#0"},
				"east": {"uv": [0, 0, 1, 1], "texture": "#0"},
				"south": {"uv": [0, 0, 1, 1], "texture": "#0"},
				"west": {"uv": [0, 0, 1, 1], "texture": "#0"},
				"up": {"uv": [0, 0, 1, 1], "texture": "#0"},
				"down": {"uv": [0, 0, 1, 1], "texture": "#0"}
			}
		},
		{
			"name": "octagon",
			"from": [6.513, 8.8, 17.37868],
			"to": [9.463, 9.8, 18.62132],
			"rotation": {"angle": 45, "axis": "x", "origin": [8, 8.3, 18]},
			"faces": {
				"north": {"uv": [0, 0, 1, 1], "texture": "#0"},
				"east": {"uv": [0, 0, 1, 1], "texture": "#0"},
				"south": {"uv": [0, 0, 1, 1], "texture": "#0"},
				"west": {"uv": [4, 1, 5, 2], "texture": "#0"},
				"up": {"uv": [0, 0, 3, 1], "texture": "#0"},
				"down": {"uv": [0, 0, 1, 1], "texture": "#0"}
			}
		},
		{
			"name": "octagon",
			"from": [6.51, 8.8, 11.37868],
			"to": [9.46, 9.8, 18.62132],
			"rotation": {"angle": 0, "axis": "x", "origin": [8, 8.3, 12]},
			"faces": {
				"north": {"uv": [0, 0, 1, 1], "texture": "#0"},
				"east": {"uv": [0, 0, 7.25, 1], "texture": "#0"},
				"south": {"uv": [0, 0, 1, 1], "texture": "#0"},
				"west": {"uv": [0, 0, 7.25, 1], "texture": "#0"},
				"up": {"uv": [3, 3.75, 6, 11], "texture": "#0"},
				"down": {"uv": [0, 0, 1, 1], "texture": "#0"}
			}
		},
		{
			"from": [7, 9.75, 13],
			"to": [9, 10.25, 17],
			"faces": {
				"north": {"uv": [14, 15.5, 16, 16], "texture": "#0"},
				"east": {"uv": [12, 15.5, 16, 16], "texture": "#0"},
				"south": {"uv": [14, 15.5, 16, 16], "texture": "#0"},
				"west": {"uv": [12, 15.5, 16, 16], "texture": "#0"},
				"up": {"uv": [14, 12, 16, 16], "texture": "#0"},
				"down": {"uv": [14, 12, 16, 16], "texture": "#0"}
			}
		},
		{
			"from": [7.5, 10.25, 13],
			"to": [8.5, 12.25, 17],
			"faces": {
				"north": {"uv": [15, 14, 16, 16], "texture": "#0"},
				"east": {"uv": [12, 14, 16, 16], "texture": "#0"},
				"south": {"uv": [11, 14, 12, 16], "texture": "#0"},
				"west": {"uv": [12, 14, 16, 16], "texture": "#0"},
				"up": {"uv": [15, 12, 16, 16], "texture": "#0"},
				"down": {"uv": [15, 12, 16, 16], "texture": "#0"}
			}
		},
		{
			"from": [7, 10.5, 17],
			"to": [9, 12.5, 21],
			"faces": {
				"north": {"uv": [14, 14, 16, 16], "texture": "#0"},
				"east": {"uv": [12, 14, 16, 16], "texture": "#0"},
				"south": {"uv": [14, 14, 16, 16], "texture": "#0"},
				"west": {"uv": [12, 14, 16, 16], "texture": "#0"},
				"up": {"uv": [14, 12, 16, 16], "texture": "#0"},
				"down": {"uv": [14, 12, 16, 16], "texture": "#0"}
			}
		},
		{
			"from": [6.75, 10.25, 9],
			"to": [9.25, 12.75, 13],
			"faces": {
				"north": {"uv": [13.5, 13.5, 16, 16], "texture": "#0"},
				"east": {"uv": [12, 13.5, 16, 16], "texture": "#0"},
				"south": {"uv": [13.5, 13.5, 16, 16], "texture": "#0"},
				"west": {"uv": [12, 13.5, 16, 16], "texture": "#0"},
				"up": {"uv": [13.5, 12, 16, 16], "texture": "#0"},
				"down": {"uv": [13.5, 12, 16, 16], "texture": "#0"}
			}
		},
		{
			"from": [7.25, 10.75, 21],
			"to": [8.75, 12.25, 21],
			"faces": {
				"north": {"uv": [12.25, 1.25, 13.75, 2.75], "texture": "#1"},
				"east": {"uv": [0, 0, 0, 1.5], "texture": "#1"},
				"south": {"uv": [12.25, 1.25, 13.75, 2.75], "texture": "#1"},
				"west": {"uv": [0, 0, 0, 1.5], "texture": "#1"},
				"up": {"uv": [0, 0, 1.5, 0], "texture": "#1"},
				"down": {"uv": [0, 0, 1.5, 0], "texture": "#1"}
			}
		},
		{
			"from": [7, 10.5, 8.99],
			"to": [9, 12.5, 8.99],
			"faces": {
				"north": {"uv": [12, 1, 14, 3], "texture": "#1"},
				"east": {"uv": [0, 0, 0, 2], "texture": "#1"},
				"south": {"uv": [12, 5, 14, 7], "texture": "#1"},
				"west": {"uv": [0, 0, 0, 2], "texture": "#1"},
				"up": {"uv": [0, 0, 2, 0], "texture": "#1"},
				"down": {"uv": [0, 0, 2, 0], "texture": "#1"}
			}
		},
		{
			"from": [9, 10.5, -14.71],
			"to": [10, 12.5, -14.71],
			"faces": {
				"north": {"uv": [11, 14, 12, 16], "texture": "#0"},
				"east": {"uv": [0, 0, 0, 2], "texture": "#1"},
				"south": {"uv": [15, 0, 16, 2], "texture": "#0"},
				"west": {"uv": [0, 0, 0, 2], "texture": "#1"},
				"up": {"uv": [0, 0, 2, 0], "texture": "#1"},
				"down": {"uv": [0, 0, 2, 0], "texture": "#1"}
			}
		},
		{
			"from": [6, 10.5, -14.71],
			"to": [7, 12.5, -14.71],
			"faces": {
				"north": {"uv": [11, 14, 12, 16], "texture": "#0"},
				"east": {"uv": [0, 0, 0, 2], "texture": "#1"},
				"south": {"uv": [15, 0, 16, 2], "texture": "#0"},
				"west": {"uv": [0, 0, 0, 2], "texture": "#1"},
				"up": {"uv": [0, 0, 2, 0], "texture": "#1"},
				"down": {"uv": [0, 0, 2, 0], "texture": "#1"}
			}
		},
		{
			"from": [7, 10.5, -14.71],
			"to": [9, 12.5, -14.71],
			"faces": {
				"north": {"uv": [12, 5, 14, 7], "texture": "#1"},
				"east": {"uv": [0, 0, 0, 2], "texture": "#1"},
				"south": {"uv": [12, 3, 14, 5], "texture": "#1"},
				"west": {"uv": [0, 0, 0, 2], "texture": "#1"},
				"up": {"uv": [0, 0, 2, 0], "texture": "#1"},
				"down": {"uv": [0, 0, 2, 0], "texture": "#1"}
			}
		},
		{
			"from": [6.75, 0.5, 10.05],
			"to": [9.25, 6.5, 12.05],
			"faces": {
				"north": {"uv": [13.5, 10, 16, 16], "texture": "#0"},
				"east": {"uv": [14, 10, 16, 16], "texture": "#0"},
				"south": {"uv": [13.5, 10, 16, 16], "texture": "#0"},
				"west": {"uv": [14, 10, 16, 16], "texture": "#0"},
				"up": {"uv": [13.5, 14, 16, 16], "texture": "#0"},
				"down": {"uv": [13.5, 14, 16, 16], "texture": "#0"}
			}
		},
		{
			"from": [6.75, 0.5, 8.05],
			"to": [9.25, 6.5, 10.05],
			"faces": {
				"north": {"uv": [13.5, 10, 16, 16], "texture": "#0"},
				"east": {"uv": [0, 2, 2, 8], "texture": "#0"},
				"south": {"uv": [13.5, 10, 16, 16], "texture": "#0"},
				"west": {"uv": [0, 2, 2, 8], "texture": "#0"},
				"up": {"uv": [13.5, 14, 16, 16], "texture": "#0"},
				"down": {"uv": [13.5, 14, 16, 16], "texture": "#0"}
			}
		},
		{
			"from": [6.75, 0.5, 6.05],
			"to": [9.25, 6.5, 8.05],
			"faces": {
				"north": {"uv": [13.5, 10, 16, 16], "texture": "#0"},
				"east": {"uv": [1, 2, 3, 8], "texture": "#0"},
				"south": {"uv": [13.5, 10, 16, 16], "texture": "#0"},
				"west": {"uv": [1, 2, 3, 8], "texture": "#0"},
				"up": {"uv": [13.5, 14, 16, 16], "texture": "#0"},
				"down": {"uv": [13.5, 14, 16, 16], "texture": "#0"}
			}
		},
		{
			"from": [7.25, 6.75, -5.1],
			"to": [8.75, 8.25, -5.1],
			"faces": {
				"north": {"uv": [14.5, 0, 16, 1.5], "texture": "#0"},
				"east": {"uv": [0, 0, 0, 1.5], "texture": "#0"},
				"south": {"uv": [14.5, 0, 16, 1.5], "texture": "#0"},
				"west": {"uv": [0, 0, 0, 1.5], "texture": "#0"},
				"up": {"uv": [0, 0, 1.5, 0], "texture": "#0"},
				"down": {"uv": [0, 0, 1.5, 0], "texture": "#0"}
			}
		},
		{
			"from": [7.5, 4, 14],
			"to": [8.5, 6, 16],
			"rotation": {"angle": 0, "axis": "y", "origin": [-0.5, 0, 3]},
			"faces": {
				"north": {"uv": [15, 0, 16, 2], "texture": "#0"},
				"east": {"uv": [14, 0, 16, 2], "texture": "#0"},
				"south": {"uv": [15, 0, 16, 2], "texture": "#0"},
				"west": {"uv": [14, 0, 16, 2], "texture": "#0"},
				"up": {"uv": [15, 0, 16, 2], "texture": "#0"},
				"down": {"uv": [15, 0, 16, 2], "texture": "#0"}
			}
		},
		{
			"from": [7.5, 4, 7],
			"to": [8.5, 4, 11],
			"faces": {
				"north": {"uv": [0, 0, 1, 0], "texture": "#1"},
				"east": {"uv": [0, 0, 3, 0], "texture": "#1"},
				"south": {"uv": [0, 0, 1, 0], "texture": "#1"},
				"west": {"uv": [0, 0, 3, 0], "texture": "#1"},
				"up": {"uv": [5, 0, 6, 4], "texture": "#1"},
				"down": {"uv": [5, 0, 6, 4], "texture": "#1"}
			}
		},
		{
			"from": [6.75, -1, 6.25],
			"to": [9.25, 0, 11.75],
			"faces": {
				"north": {"uv": [0, 15, 2.5, 16], "texture": "#1"},
				"east": {"uv": [0, 15, 5.5, 16], "texture": "#1"},
				"south": {"uv": [0, 15, 2.5, 16], "texture": "#1"},
				"west": {"uv": [0, 15, 5.5, 16], "texture": "#1"},
				"up": {"uv": [0, 10.5, 2.5, 16], "texture": "#1"},
				"down": {"uv": [0, 10.5, 2.5, 16], "texture": "#1"}
			}
		},
		{
			"from": [7, 0, 6.5],
			"to": [9, 4, 11.5],
			"faces": {
				"north": {"uv": [0, 12, 2, 16], "texture": "#1"},
				"east": {"uv": [0, 12, 5, 16], "texture": "#1"},
				"south": {"uv": [3, 12, 5, 16], "texture": "#1"},
				"west": {"uv": [0, 12, 5, 16], "texture": "#1"},
				"up": {"uv": [0, 11, 2, 16], "texture": "#1"},
				"down": {"uv": [0, 11, 2, 16], "texture": "#1"}
			}
		}
	],
	"display": {
		"thirdperson_righthand": {
			"translation": [0, 1.5, -4.25],
			"scale": [0.75, 0.75, 0.75]
		},
		"thirdperson_lefthand": {
			"translation": [-12, 1.5, -4.25],
			"scale": [0.75, 0.75, 0.75]
		},
		"firstperson_righthand": {
			"translation": [-9, 4.75, 33]
		},
		"firstperson_lefthand": {
			"translation": [0, -80, 0]
		},
		"ground": {
			"rotation": [0, 0, 90],
			"translation": [-1.5, -1.75, -1],
			"scale": [0.75, 0.75, 0.75]
		},
		"gui": {
			"rotation": [15, 44, 0],
			"translation": [-1.25, 3.5, 0]
		},
		"head": {
			"translation": [0, 36.25, -27.25],
			"scale": [4, 4, 4]
		},
		"fixed": {
			"rotation": [0, -90, 0],
			"translation": [2.5, 0, 0]
		}
	},
	"groups": [
		0,
		1,
		2,
		3,
		4,
		5,
		6,
		7,
		{
			"name": "octagon",
			"origin": [8, 8, 8],
			"color": 1,
			"children": [8, 9, 10, 11]
		},
		{
			"name": "octagon",
			"origin": [8, 8, 8],
			"color": 0,
			"children": [12, 13, 14, 15, 16, 17, 18, 19]
		},
		{
			"name": "octagon",
			"origin": [8, 8, 8],
			"color": 0,
			"children": [20, 21, 22]
		},
		23,
		24,
		25,
		26,
		27,
		28,
		29,
		30,
		31,
		32,
		33,
		34,
		35,
		36,
		37,
		38,
		39
	]
}