{
	"credit": "Made with Blockbench",
	"textures": {
		"0": "melee/police_baton",
		"particle": "melee/police_baton"
	},
	"elements": [
		{
			"from": [0, 0, 0],
			"to": [2, 19, 2],
			"faces": {
				"north": {"uv": [0, 0, 2, 16], "texture": "#0"},
				"east": {"uv": [0, 0, 2, 16], "texture": "#0"},
				"south": {"uv": [0, 0, 2, 16], "texture": "#0"},
				"west": {"uv": [0, 0, 2, 16], "texture": "#0"},
				"up": {"uv": [0, 0, 2, 2], "texture": "#0"},
				"down": {"uv": [0, 0, 2, 2], "texture": "#0"}
			}
		},
		{
			"from": [0, 5, -4],
			"to": [2, 7, 0],
			"faces": {
				"north": {"uv": [4, 2, 6, 4], "texture": "#0"},
				"east": {"uv": [2, 0, 6, 2], "texture": "#0"},
				"south": {"uv": [2, 0, 4, 2], "texture": "#0"},
				"west": {"uv": [2, 0, 6, 2], "texture": "#0"},
				"up": {"uv": [2, 2, 4, 6], "texture": "#0"},
				"down": {"uv": [2, 2, 4, 6], "texture": "#0"}
			}
		}
	],
	"display": {
		"thirdperson_righthand": {
			"translation": [7, 3.25, 8.5]
		},
		"thirdperson_lefthand": {
			"translation": [-6.75, 3.25, 8.75]
		},
		"firstperson_righthand": {
			"rotation": [-7, -2, 0],
			"translation": [11, 4, 5.5]
		},
		"firstperson_lefthand": {
			"rotation": [-5, -2, 0],
			"translation": [-1, 1.75, 4]
		},
		"ground": {
			"rotation": [0, 0, 90],
			"translation": [0.75, 4, 6.75]
		},
		"gui": {
			"rotation": [9, 51, 24],
			"translation": [9.5, 2.5, 0]
		},
		"fixed": {
			"rotation": [0, -90, 0],
			"translation": [-6.75, -1.25, 5.5]
		}
	}
}