{
	"credit": "Made with Blockbench",
	"texture_size": [32, 32],
	"textures": {
		"0": "equiptment/auto_turret_damaged",
		"particle": "equiptment/auto_turret_damaged"
	},
	"elements": [
		{
			"from": [1, 0, 1],
			"to": [15, 10, 15],
			"faces": {
				"north": {"uv": [9, 7.5, 16, 12.5], "texture": "#0"},
				"east": {"uv": [9, 7.5, 16, 12.5], "texture": "#0"},
				"south": {"uv": [9, 7.5, 16, 12.5], "texture": "#0"},
				"west": {"uv": [9, 7.5, 16, 12.5], "texture": "#0"},
				"up": {"uv": [0, 8, 7, 15], "texture": "#0"},
				"down": {"uv": [0, 8, 7, 15], "texture": "#0"}
			}
		},
		{
			"from": [2, 10, 2],
			"to": [14, 17, 14],
			"faces": {
				"north": {"uv": [10, 4, 16, 7.5], "texture": "#0"},
				"east": {"uv": [10, 4, 16, 7.5], "texture": "#0"},
				"south": {"uv": [10, 4, 16, 7.5], "texture": "#0"},
				"west": {"uv": [10, 4, 16, 7.5], "texture": "#0"},
				"up": {"uv": [2, 0, 8, 6], "texture": "#0"},
				"down": {"uv": [2, 0, 8, 6], "texture": "#0"}
			}
		}
	],
	"display": {
		"thirdperson_righthand": {
			"rotation": [75, 45, 0],
			"translation": [0, 2.5, 0],
			"scale": [0.375, 0.375, 0.375]
		},
		"thirdperson_lefthand": {
			"rotation": [75, 45, 0],
			"translation": [0, 2.5, 0],
			"scale": [0.375, 0.375, 0.375]
		},
		"firstperson_righthand": {
			"rotation": [0, 45, 0],
			"translation": [2, 0, 0],
			"scale": [0.4, 0.4, 0.4]
		},
		"firstperson_lefthand": {
			"rotation": [0, 225, 0],
			"translation": [1.75, 0, 0],
			"scale": [0.4, 0.4, 0.4]
		},
		"ground": {
			"scale": [0.5, 0.5, 0.5]
		},
		"gui": {
			"rotation": [25, 117, 0],
			"translation": [0.25, -2.25, 0],
			"scale": [0.5, 0.5, 0.5]
		},
		"head": {
			"translation": [0, -31, 0],
			"scale": [1.5, 1.5, 1.5]
		},
		"fixed": {
			"translation": [0, -2.5, 0],
			"scale": [0.5, 0.5, 0.5]
		}
	}
}