{
	"credit": "Made with Blockbench",
	"textures": {
		"0": "gun_ammo/flame_thrower",
		"particle": "gun_ammo/flame_thrower"
	},
	"elements": [
		{
			"from": [7, 1.5, 9],
			"to": [8.25, 7.5, 9.75],
			"rotation": {"angle": -45, "axis": "x", "origin": [7.5, 4, 10]},
			"faces": {
				"north": {"uv": [0, 0, 1.25, 6], "texture": "#0"},
				"east": {"uv": [0, 0, 0.75, 6], "texture": "#0"},
				"south": {"uv": [0, 0, 1.25, 6], "texture": "#0"},
				"west": {"uv": [0, 0, 0.75, 6], "texture": "#0"},
				"up": {"uv": [0, 0, 1.25, 0.75], "texture": "#0"},
				"down": {"uv": [0, 0, 1.25, 0.75], "texture": "#0"}
			}
		},
		{
			"from": [7, 4.5, 5.9375],
			"to": [8.25, 6.75, 6.4375],
			"rotation": {"angle": -45, "axis": "x", "origin": [7.5, 4, 6.6875]},
			"faces": {
				"north": {"uv": [0, 0, 1.25, 2.25], "texture": "#0"},
				"east": {"uv": [0, 0, 0.5, 2.25], "texture": "#0"},
				"south": {"uv": [0, 0, 1.25, 2.25], "texture": "#0"},
				"west": {"uv": [0, 0, 0.5, 2.25], "texture": "#0"},
				"up": {"uv": [0, 0, 1.25, 0.5], "texture": "#0"},
				"down": {"uv": [0, 0, 1.25, 0.5], "texture": "#0"}
			}
		},
		{
			"from": [7.1, 2, 10],
			"to": [8.1875, 6.875, 12],
			"rotation": {"angle": -45, "axis": "x", "origin": [7.5, 4.5, 10.5]},
			"faces": {
				"north": {"uv": [3, 0, 5.25, 6], "texture": "#0"},
				"east": {"uv": [3, 0, 6, 6], "texture": "#0"},
				"south": {"uv": [3, 0, 5.25, 6], "texture": "#0"},
				"west": {"uv": [3, 0, 6, 6], "texture": "#0"},
				"up": {"uv": [3, 0, 5.25, 3], "texture": "#0"},
				"down": {"uv": [3, 0, 5.25, 3], "texture": "#0"}
			}
		},
		{
			"from": [6.9999, 5.3125, 1.75],
			"to": [8.2499, 7.3125, 15.75],
			"rotation": {"angle": 0, "axis": "y", "origin": [7.5, 5.8125, 7.25]},
			"faces": {
				"north": {"uv": [0, 0, 1.25, 2], "rotation": 180, "texture": "#0"},
				"east": {"uv": [0, 0, 3, 15], "rotation": 90, "texture": "#0"},
				"south": {"uv": [0, 0, 1.25, 2], "texture": "#0"},
				"west": {"uv": [0, 0, 3, 15], "rotation": 270, "texture": "#0"},
				"up": {"uv": [0, 0, 2.25, 15], "texture": "#0"},
				"down": {"uv": [0, 0, 2.25, 15], "rotation": 180, "texture": "#0"}
			}
		},
		{
			"from": [7.4999, 4.5625, 7],
			"to": [7.7499, 5.3125, 8],
			"rotation": {"angle": 0, "axis": "y", "origin": [7.5, 3.8125, 7.25]},
			"faces": {
				"north": {"uv": [3, 0, 3.25, 2], "rotation": 180, "texture": "#0"},
				"east": {"uv": [4, 0, 5, 2], "rotation": 90, "texture": "#0"},
				"south": {"uv": [4, 0, 4.25, 2], "texture": "#0"},
				"west": {"uv": [4, 0, 5, 2], "rotation": 270, "texture": "#0"},
				"up": {"uv": [4, 0, 5.25, 1], "texture": "#0"},
				"down": {"uv": [4, 0, 5.25, 1], "rotation": 180, "texture": "#0"}
			}
		},
		{
			"from": [6.75, 4.3125, 15.75],
			"to": [8.5, 7.5625, 16.75],
			"rotation": {"angle": 0, "axis": "y", "origin": [7.5, 5.8125, 7.25]},
			"faces": {
				"north": {"uv": [3, 11, 5.75, 15.25], "rotation": 180, "texture": "#0"},
				"east": {"uv": [3, 14, 7.25, 16], "rotation": 90, "texture": "#0"},
				"south": {"uv": [3, 11, 5.75, 15.25], "texture": "#0"},
				"west": {"uv": [3, 14, 7.25, 16], "rotation": 270, "texture": "#0"},
				"up": {"uv": [3, 14, 5.75, 16], "texture": "#0"},
				"down": {"uv": [3, 14, 5.75, 16], "rotation": 180, "texture": "#0"}
			}
		},
		{
			"from": [6.5625, 7.125, 9],
			"to": [8.6875, 9.0625, 9.75],
			"rotation": {"angle": 0, "axis": "y", "origin": [7.5, 7.8125, 7.25]},
			"faces": {
				"north": {"uv": [0, 0, 2.125, 1.9375], "rotation": 180, "texture": "#0"},
				"east": {"uv": [0, 0, 1.9375, 0.75], "rotation": 90, "texture": "#0"},
				"south": {"uv": [0, 0, 2.125, 1.9375], "texture": "#0"},
				"west": {"uv": [0, 0, 1.9375, 0.75], "rotation": 270, "texture": "#0"},
				"up": {"uv": [0, 0, 2.125, 0.75], "texture": "#0"},
				"down": {"uv": [0, 0, 2.125, 0.75], "rotation": 180, "texture": "#0"}
			}
		},
		{
			"from": [7, 4.5625, 0.75],
			"to": [8.25, 7.3125, 1.75],
			"rotation": {"angle": 0, "axis": "y", "origin": [7.5, 5.8125, 7.25]},
			"faces": {
				"north": {"uv": [0, 0, 1.25, 2.75], "rotation": 180, "texture": "#0"},
				"east": {"uv": [0, 0, 2.75, 1], "rotation": 90, "texture": "#0"},
				"south": {"uv": [0, 0, 1.25, 2.75], "texture": "#0"},
				"west": {"uv": [0, 0, 2.75, 1], "rotation": 270, "texture": "#0"},
				"up": {"uv": [0, 0, 1.25, 1], "texture": "#0"},
				"down": {"uv": [0, 0, 1.25, 1], "rotation": 180, "texture": "#0"}
			}
		},
		{
			"from": [7.25, 4.8125, -3.25],
			"to": [8, 5.3125, 0.75],
			"rotation": {"angle": 0, "axis": "y", "origin": [7.5, 5.0625, -1.75]},
			"faces": {
				"north": {"uv": [3, 0, 3.75, 0.5], "rotation": 180, "texture": "#0"},
				"east": {"uv": [3, 0, 3.5, 4], "rotation": 90, "texture": "#0"},
				"south": {"uv": [3, 0, 3.75, 0.5], "texture": "#0"},
				"west": {"uv": [3, 0, 3.5, 4], "rotation": 270, "texture": "#0"},
				"up": {"uv": [3, 0, 3.75, 4], "texture": "#0"},
				"down": {"uv": [3, 0, 3.75, 4], "rotation": 180, "texture": "#0"}
			}
		},
		{
			"from": [7.1875, 5.3125, -5.25],
			"to": [8.0625, 6.3125, -4.75],
			"rotation": {"angle": 0, "axis": "y", "origin": [7.5, 5.0625, -3.75]},
			"faces": {
				"north": {"uv": [0, 0, 0.875, 1], "rotation": 180, "texture": "#0"},
				"east": {"uv": [0, 0, 1, 0.5], "rotation": 90, "texture": "#0"},
				"south": {"uv": [0, 0, 0.875, 1], "texture": "#0"},
				"west": {"uv": [0, 0, 1, 0.5], "rotation": 270, "texture": "#0"},
				"up": {"uv": [0, 0, 0.875, 0.5], "texture": "#0"},
				"down": {"uv": [0, 0, 0.875, 0.5], "rotation": 180, "texture": "#0"}
			}
		},
		{
			"from": [7.25, 5.75, -5],
			"to": [8, 6.25, -3],
			"rotation": {"angle": 22.5, "axis": "x", "origin": [7.5, 6, -5.5]},
			"faces": {
				"north": {"uv": [3, 0, 3.75, 0.5], "rotation": 180, "texture": "#0"},
				"east": {"uv": [3, 0, 3.5, 2], "rotation": 90, "texture": "#0"},
				"south": {"uv": [3, 0, 3.75, 0.5], "texture": "#0"},
				"west": {"uv": [3, 0, 3.5, 2], "rotation": 270, "texture": "#0"},
				"up": {"uv": [3, 0, 3.75, 2], "texture": "#0"},
				"down": {"uv": [3, 0, 3.75, 2], "rotation": 180, "texture": "#0"}
			}
		},
		{
			"from": [7, 3.8125, 5.8125],
			"to": [8.25, 4.3125, 8.75],
			"rotation": {"angle": 0, "axis": "y", "origin": [7.5, 2.8125, 6.25]},
			"faces": {
				"north": {"uv": [0, 0, 1.25, 0.5], "rotation": 180, "texture": "#0"},
				"east": {"uv": [0, 0, 0.5, 2.9375], "rotation": 90, "texture": "#0"},
				"south": {"uv": [0, 0, 1.25, 0.5], "texture": "#0"},
				"west": {"uv": [0, 0, 0.5, 2.9375], "rotation": 270, "texture": "#0"},
				"up": {"uv": [0, 0, 1.25, 2.9375], "texture": "#0"},
				"down": {"uv": [0, 0, 1.25, 2.9375], "rotation": 180, "texture": "#0"}
			}
		},
		{
			"from": [7, 1.5, 8.8125],
			"to": [8.25, 2, 12],
			"rotation": {"angle": -45, "axis": "x", "origin": [7.5, 4.5, 10.5]},
			"faces": {
				"north": {"uv": [0, 0, 1.25, 0.5], "texture": "#0"},
				"east": {"uv": [0, 11, 3.188, 11.5], "texture": "#0"},
				"south": {"uv": [0, 0, 1.25, 0.5], "texture": "#0"},
				"west": {"uv": [0, 11, 3.188, 11.5], "texture": "#0"},
				"up": {"uv": [0, 0, 1.25, 3.1875], "texture": "#0"},
				"down": {"uv": [0, 0, 1.25, 3.1875], "texture": "#0"}
			}
		},
		{
			"name": "octagon",
			"from": [7.41789, 6.25, -4],
			"to": [7.83211, 6.55, 0.75],
			"rotation": {"angle": 45, "axis": "z", "origin": [7.625, 6.75, -2]},
			"faces": {
				"north": {"uv": [11, 8, 12, 9], "texture": "#0"},
				"east": {"uv": [0, 0, 1, 1], "texture": "#0"},
				"south": {"uv": [0, 0, 1, 1], "texture": "#0"},
				"west": {"uv": [0, 0, 1, 1], "texture": "#0"},
				"up": {"uv": [0, 0, 1, 1], "texture": "#0"},
				"down": {"uv": [12, 6, 13, 16], "texture": "#0"}
			}
		},
		{
			"name": "octagon",
			"from": [7.41789, 6.25, -4],
			"to": [7.83211, 6.55, 0.75],
			"rotation": {"angle": 0, "axis": "y", "origin": [7.625, 6.75, -2]},
			"faces": {
				"north": {"uv": [11, 8, 12, 9], "texture": "#0"},
				"east": {"uv": [0, 0, 1, 1], "texture": "#0"},
				"south": {"uv": [0, 0, 1, 1], "texture": "#0"},
				"west": {"uv": [0, 0, 1, 1], "texture": "#0"},
				"up": {"uv": [0, 0, 1, 1], "texture": "#0"},
				"down": {"uv": [14, 5, 15, 15], "texture": "#0"}
			}
		},
		{
			"name": "octagon",
			"from": [7.41789, 6.95, -4],
			"to": [7.83211, 7.25, 0.75],
			"rotation": {"angle": 45, "axis": "z", "origin": [7.625, 6.75, -2]},
			"faces": {
				"north": {"uv": [11, 8, 12, 9], "texture": "#0"},
				"east": {"uv": [0, 0, 1, 1], "texture": "#0"},
				"south": {"uv": [0, 0, 1, 1], "texture": "#0"},
				"west": {"uv": [0, 0, 1, 1], "texture": "#0"},
				"up": {"uv": [12, 6, 13, 16], "texture": "#0"},
				"down": {"uv": [0, 0, 1, 1], "texture": "#0"}
			}
		},
		{
			"name": "octagon",
			"from": [7.41789, 6.95, -4],
			"to": [7.83211, 7.25, 0.75],
			"rotation": {"angle": 0, "axis": "y", "origin": [7.625, 6.75, -2]},
			"faces": {
				"north": {"uv": [11, 8, 12, 9], "texture": "#0"},
				"east": {"uv": [0, 0, 1, 1], "texture": "#0"},
				"south": {"uv": [0, 0, 1, 1], "texture": "#0"},
				"west": {"uv": [0, 0, 1, 1], "texture": "#0"},
				"up": {"uv": [14, 6, 15, 16], "texture": "#0"},
				"down": {"uv": [0, 0, 1, 1], "texture": "#0"}
			}
		},
		{
			"name": "octagon",
			"from": [7.125, 6.54289, -4],
			"to": [7.425, 6.95711, 0.75],
			"rotation": {"angle": 45, "axis": "z", "origin": [7.625, 6.75, -2]},
			"faces": {
				"north": {"uv": [11, 8, 12, 9], "texture": "#0"},
				"east": {"uv": [0, 0, 1, 1], "texture": "#0"},
				"south": {"uv": [0, 0, 1, 1], "texture": "#0"},
				"west": {"uv": [6, 8, 16, 9], "texture": "#0"},
				"up": {"uv": [0, 0, 1, 1], "texture": "#0"},
				"down": {"uv": [0, 0, 1, 1], "texture": "#0"}
			}
		},
		{
			"name": "octagon",
			"from": [7.125, 6.54289, -4],
			"to": [7.425, 6.95711, 0.75],
			"rotation": {"angle": 0, "axis": "y", "origin": [7.625, 6.75, -2]},
			"faces": {
				"north": {"uv": [11, 8, 12, 9], "texture": "#0"},
				"east": {"uv": [0, 0, 1, 1], "texture": "#0"},
				"south": {"uv": [0, 0, 1, 1], "texture": "#0"},
				"west": {"uv": [6, 9, 16, 10], "texture": "#0"},
				"up": {"uv": [0, 0, 1, 1], "texture": "#0"},
				"down": {"uv": [0, 0, 1, 1], "texture": "#0"}
			}
		},
		{
			"name": "octagon",
			"from": [7.825, 6.54289, -4],
			"to": [8.125, 6.95711, 0.75],
			"rotation": {"angle": 45, "axis": "z", "origin": [7.625, 6.75, -2]},
			"faces": {
				"north": {"uv": [11, 8, 12, 9], "texture": "#0"},
				"east": {"uv": [6, 8, 16, 9], "texture": "#0"},
				"south": {"uv": [0, 0, 1, 1], "texture": "#0"},
				"west": {"uv": [0, 0, 1, 1], "texture": "#0"},
				"up": {"uv": [0, 0, 1, 1], "texture": "#0"},
				"down": {"uv": [0, 0, 1, 1], "texture": "#0"}
			}
		},
		{
			"name": "octagon",
			"from": [7.825, 6.54289, -4],
			"to": [8.125, 6.95711, 0.75],
			"rotation": {"angle": 0, "axis": "y", "origin": [7.625, 6.75, -2]},
			"faces": {
				"north": {"uv": [11, 8, 12, 9], "texture": "#0"},
				"east": {"uv": [5, 9, 15, 10], "texture": "#0"},
				"south": {"uv": [0, 0, 1, 1], "texture": "#0"},
				"west": {"uv": [0, 0, 1, 1], "texture": "#0"},
				"up": {"uv": [0, 0, 1, 1], "texture": "#0"},
				"down": {"uv": [0, 0, 1, 1], "texture": "#0"}
			}
		},
		{
			"name": "octagon",
			"from": [7.21079, 7, 2],
			"to": [8.03921, 9, 9],
			"rotation": {"angle": 45, "axis": "z", "origin": [7.625, 8, 7]},
			"faces": {
				"north": {"uv": [15, 0, 16, 1], "texture": "#0"},
				"east": {"uv": [7, 0, 16, 1], "texture": "#0"},
				"south": {"uv": [15, 0, 16, 1], "texture": "#0"},
				"west": {"uv": [7, 0, 16, 1], "texture": "#0"},
				"up": {"uv": [15, 0, 16, 8], "texture": "#0"},
				"down": {"uv": [15, 0, 16, 8], "texture": "#0"}
			}
		},
		{
			"name": "octagon",
			"from": [7.21079, 7, 2],
			"to": [8.03921, 9, 9],
			"rotation": {"angle": 0, "axis": "y", "origin": [7.625, 8, 7]},
			"faces": {
				"north": {"uv": [15, 0, 16, 1], "texture": "#0"},
				"east": {"uv": [7, 0, 16, 1], "texture": "#0"},
				"south": {"uv": [15, 0, 16, 1], "texture": "#0"},
				"west": {"uv": [7, 0, 16, 1], "texture": "#0"},
				"up": {"uv": [15, 0, 16, 8], "texture": "#0"},
				"down": {"uv": [7, 0, 16, 1], "texture": "#0"}
			}
		},
		{
			"name": "octagon",
			"from": [6.625, 7.58579, 2],
			"to": [8.625, 8.41421, 9],
			"rotation": {"angle": 45, "axis": "z", "origin": [7.625, 8, 7]},
			"faces": {
				"north": {"uv": [15, 0, 16, 1], "texture": "#0"},
				"east": {"uv": [7, 0, 16, 1], "texture": "#0"},
				"south": {"uv": [15, 0, 16, 1], "texture": "#0"},
				"west": {"uv": [7, 0, 16, 1], "texture": "#0"},
				"up": {"uv": [7, 0, 16, 1], "texture": "#0"},
				"down": {"uv": [7, 0, 16, 1], "texture": "#0"}
			}
		},
		{
			"name": "octagon",
			"from": [6.625, 7.58579, 2],
			"to": [8.625, 8.41421, 9],
			"rotation": {"angle": 0, "axis": "y", "origin": [7.625, 8, 7]},
			"faces": {
				"north": {"uv": [15, 0, 16, 1], "texture": "#0"},
				"east": {"uv": [7, 0, 16, 1], "texture": "#0"},
				"south": {"uv": [15, 0, 16, 1], "texture": "#0"},
				"west": {"uv": [7, 0, 16, 1], "texture": "#0"},
				"up": {"uv": [7, 0, 16, 1], "texture": "#0"},
				"down": {"uv": [7, 0, 16, 1], "texture": "#0"}
			}
		}
	],
	"display": {
		"thirdperson_righthand": {
			"translation": [0, 2.75, 1.25]
		},
		"thirdperson_lefthand": {
			"translation": [-12.5, 2.75, 1]
		},
		"firstperson_righthand": {
			"translation": [-8.58, 4, 5.25]
		},
		"firstperson_lefthand": {
			"translation": [0, 80, 0]
		},
		"ground": {
			"rotation": [0, 0, 90],
			"translation": [-1.75, -2.5, 0.5]
		},
		"gui": {
			"rotation": [33, 48, 0],
			"translation": [1.5, 1, 0],
			"scale": [0.9, 0.9, 0.9]
		},
		"fixed": {
			"rotation": [0, 90, 0],
			"translation": [1.75, 0.75, -1.5],
			"scale": [0.8, 0.8, 0.8]
		}
	},
	"groups": [
		0,
		1,
		2,
		3,
		4,
		5,
		6,
		7,
		8,
		9,
		10,
		11,
		12,
		{
			"name": "octagon",
			"origin": [8, 8, 8],
			"color": 0,
			"children": [13, 14, 15, 16, 17, 18, 19, 20]
		},
		{
			"name": "octagon",
			"origin": [8, 8, 8],
			"color": 0,
			"children": [21, 22, 23, 24]
		}
	]
}