{
 "parent": "item/handheld_rod",
 "textures": {
  "layer0": "item/carrot_on_a_stick"
 },

 "overrides": [
  { "predicate": {"custom_model_data": 13212}, "model": "item/gun/standard/pistol"},
  { "predicate": {"custom_model_data": 13213}, "model": "item/gun/standard/assault_rifle"},
  { "predicate": {"custom_model_data": 13214}, "model": "item/gun/standard/sniper_rifle"},
  { "predicate": {"custom_model_data": 13215}, "model": "item/gun/standard/shotgun"},
  { "predicate": {"custom_model_data": 13222}, "model": "item/gun/thrower/chemical_thrower"},
  { "predicate": {"custom_model_data": 13224}, "model": "item/gun/thrower/ink_blaster"},
  { "predicate": {"custom_model_data": 13226}, "model": "item/gun/ray/ray_gun_green"},
  { "predicate": {"custom_model_data": 13227}, "model": "item/gun/ray/ray_gun_blue"},
  { "predicate": {"custom_model_data": 13228}, "model": "item/medicine/medkit"},
  { "predicate": {"custom_model_data": 13230}, "model": "item/medicine/cure"},
  { "predicate": {"custom_model_data": 13231}, "model": "item/medicine/regeneration"},
  { "predicate": {"custom_model_data": 13232}, "model": "item/medicine/absorption"},
  { "predicate": {"custom_model_data": 13233}, "model": "item/gun/laser/laser_pistol"},
  { "predicate": {"custom_model_data": 13235}, "model": "item/gun/laser/laser_rifle"},
  { "predicate": {"custom_model_data": 13237}, "model": "item/gun/laser/laser_cannon"},
  { "predicate": {"custom_model_data": 13239}, "model": "item/equipment/laser_shield"},
  { "predicate": {"custom_model_data": 13243}, "model": "item/equipment/auto_turret"},
  { "predicate": {"custom_model_data": 13244}, "model": "item/equipment/auto_turret_top"},
  { "predicate": {"custom_model_data": 13245}, "model": "item/equipment/auto_turret_bottom"},
  { "predicate": {"custom_model_data": 13247}, "model": "item/medicine/bandage"},
  { "predicate": {"custom_model_data": 13248}, "model": "item/gun/ray/ray_gun_pink"},
  { "predicate": {"custom_model_data": 13249}, "model": "item/gun/standard/rocket_launcher"},
  { "predicate": {"custom_model_data": 13250}, "model": "item/gun/standard/rocket_launcher_empty"},
  { "predicate": {"custom_model_data": 13251}, "model": "item/gun/thrower/flame_thrower"},
  { "predicate": {"custom_model_data": 13253}, "model": "item/gun/ray/ray_gun_red"},
  { "predicate": {"custom_model_data": 13254}, "model": "item/gun/laser/assault_laser_rifle"},
  { "predicate": {"custom_model_data": 13255}, "model": "item/medicine/swiftness"},
  { "predicate": {"custom_model_data": 13256}, "model": "item/medicine/resistance"},
  { "predicate": {"custom_model_data": 13257}, "model": "item/medicine/health_boost"},
  { "predicate": {"custom_model_data": 13258}, "model": "item/medicine/minor_cure"},
  { "predicate": {"custom_model_data": 13259}, "model": "item/equipment/auto_turret_top_damaged"},
  { "predicate": {"custom_model_data": 13260}, "model": "item/equipment/auto_turret_bottom_damaged"},
  { "predicate": {"custom_model_data": 13261}, "model": "item/equipment/auto_turret_top_destroyed"},
  { "predicate": {"custom_model_data": 13262}, "model": "item/equipment/auto_turret_bottom_destroyed"},
  { "predicate": {"custom_model_data": 13276}, "model": "item/equipment/c4_remote"},
  { "predicate": {"custom_model_data": 13321}, "model": "item/medicine/adv_bandage"},

  { "predicate": {"custom_model_data": 13322}, "model": "item/gun/standard/pistol_zoom"},
  { "predicate": {"custom_model_data": 13323}, "model": "item/gun/standard/assault_rifle_zoom"},
  { "predicate": {"custom_model_data": 13324}, "model": "item/gun/standard/shotgun_zoom"},
  { "predicate": {"custom_model_data": 13325}, "model": "item/gun/standard/sniper_rifle_zoom"},
  { "predicate": {"custom_model_data": 13326}, "model": "item/gun/standard/rocket_launcher_zoom"},
  { "predicate": {"custom_model_data": 13327}, "model": "item/gun/standard/rocket_launcher_zoom_empty"},

  { "predicate": {"custom_model_data": 13328}, "model": "item/gun/ray/ray_gun_green_zoom"},
  { "predicate": {"custom_model_data": 13329}, "model": "item/gun/ray/ray_gun_blue_zoom"},
  { "predicate": {"custom_model_data": 13330}, "model": "item/gun/ray/ray_gun_pink_zoom"},
  { "predicate": {"custom_model_data": 13331}, "model": "item/gun/ray/ray_gun_red_zoom"},

  { "predicate": {"custom_model_data": 13332}, "model": "item/gun/thrower/chemical_thrower_zoom"},
  { "predicate": {"custom_model_data": 13333}, "model": "item/gun/thrower/ink_blaster_zoom"},
  { "predicate": {"custom_model_data": 13334}, "model": "item/gun/thrower/flame_thrower_zoom"},

  { "predicate": {"custom_model_data": 13335}, "model": "item/gun/laser/laser_pistol_zoom"},
  { "predicate": {"custom_model_data": 13336}, "model": "item/gun/laser/laser_rifle_zoom"},
  { "predicate": {"custom_model_data": 13337}, "model": "item/gun/laser/laser_cannon_zoom"},
  { "predicate": {"custom_model_data": 13338}, "model": "item/gun/laser/assault_laser_rifle_zoom"}
 ]
}
